tourney_id,match_num,match_played,correct_pick,countable_pick
2018-0301,271,1,1,1
2018-0301,272,1,1,1
2018-0301,273,1,0,1
2018-0301,275,1,1,1
2018-0301,276,1,1,1
2018-0301,277,1,1,1
2018-0301,278,1,1,1
2018-0301,279,1,1,1
2018-0301,280,1,1,1
2018-0301,282,1,0,1
2018-0301,283,1,1,1
2018-0301,284,1,1,1
2018-0301,286,1,1,1
2018-0301,287,1,1,0
2018-0301,288,1,0,1
2018-0301,289,1,1,1
2018-0301,290,1,1,1
2018-0301,291,1,0,1
2018-0301,292,1,1,0
2018-0301,293,1,0,1
2018-0301,294,1,1,1
2018-0301,295,1,0,0
2018-0301,296,1,0,0
2018-0301,297,1,0,0
2018-0301,298,1,1,0
2018-0301,299,1,0,0
2018-0301,300,1,0,0
2018-0308,271,1,0,1
2018-0308,272,1,1,1
2018-0308,273,1,1,1
2018-0308,275,1,1,1
2018-0308,276,1,0,1
2018-0308,277,1,0,1
2018-0308,278,1,0,1
2018-0308,279,1,1,1
2018-0308,280,1,0,1
2018-0308,282,1,1,1
2018-0308,283,1,1,1
2018-0308,284,1,1,1
2018-0308,286,1,1,0
2018-0308,287,1,1,1
2018-0308,288,1,0,1
2018-0308,289,1,0,0
2018-0308,290,1,0,0
2018-0308,291,1,1,0
2018-0308,292,1,1,1
2018-0308,293,1,1,1
2018-0308,294,1,0,1
2018-0308,295,1,0,0
2018-0308,296,1,1,0
2018-0308,297,1,1,1
2018-0308,298,1,0,0
2018-0308,299,1,1,1
2018-0308,300,1,1,0
2018-0311,270,1,1,1
2018-0311,271,1,1,1
2018-0311,272,1,0,1
2018-0311,273,1,0,1
2018-0311,274,1,0,1
2018-0311,275,1,1,1
2018-0311,276,1,1,1
2018-0311,277,1,1,1
2018-0311,278,1,1,1
2018-0311,279,1,1,1
2018-0311,280,1,1,1
2018-0311,281,1,1,1
2018-0311,282,1,1,1
2018-0311,283,1,1,1
2018-0311,284,1,0,1
2018-0311,285,1,1,1
2018-0311,286,1,1,1
2018-0311,287,1,0,0
2018-0311,288,1,0,0
2018-0311,289,1,0,1
2018-0311,290,1,1,1
2018-0311,291,1,0,1
2018-0311,292,1,1,1
2018-0311,293,1,1,0
2018-0311,294,1,1,0
2018-0311,295,1,0,0
2018-0311,296,1,0,0
2018-0311,297,1,1,1
2018-0311,298,1,1,0
2018-0311,299,1,1,0
2018-0311,300,1,1,1
2018-0314,271,1,1,1
2018-0314,272,1,1,1
2018-0314,273,1,0,1
2018-0314,275,1,1,1
2018-0314,276,1,1,1
2018-0314,277,1,0,1
2018-0314,278,1,0,1
2018-0314,279,1,1,1
2018-0314,280,1,1,1
2018-0314,282,1,0,1
2018-0314,283,1,0,1
2018-0314,284,1,0,1
2018-0314,286,1,1,1
2018-0314,287,1,0,0
2018-0314,288,1,0,1
2018-0314,289,1,0,0
2018-0314,290,1,0,0
2018-0314,291,1,0,1
2018-0314,292,1,0,0
2018-0314,293,1,0,0
2018-0314,294,1,1,0
2018-0314,295,1,0,0
2018-0314,296,1,0,0
2018-0314,297,1,0,0
2018-0314,298,1,1,0
2018-0314,299,1,0,0
2018-0314,300,1,0,0
2018-0315,271,1,1,1
2018-0315,272,1,0,1
2018-0315,273,1,1,1
2018-0315,275,1,1,1
2018-0315,276,1,0,1
2018-0315,277,1,0,1
2018-0315,278,1,1,1
2018-0315,279,1,0,1
2018-0315,280,1,0,1
2018-0315,282,1,1,1
2018-0315,283,1,1,1
2018-0315,284,1,1,1
2018-0315,286,1,0,1
2018-0315,287,1,0,0
2018-0315,288,1,0,1
2018-0315,289,1,0,0
2018-0315,290,1,0,0
2018-0315,291,1,1,0
2018-0315,292,1,0,1
2018-0315,293,1,1,1
2018-0315,294,1,0,0
2018-0315,295,1,0,0
2018-0315,296,1,1,0
2018-0315,297,1,0,0
2018-0315,298,1,0,0
2018-0315,299,1,1,0
2018-0315,300,1,1,0
2018-0316,271,1,0,1
2018-0316,272,1,0,1
2018-0316,273,1,1,1
2018-0316,275,1,0,1
2018-0316,276,1,1,1
2018-0316,277,1,1,1
2018-0316,278,1,1,1
2018-0316,279,1,1,1
2018-0316,280,1,1,1
2018-0316,282,1,0,1
2018-0316,283,1,0,1
2018-0316,284,1,0,1
2018-0316,286,1,1,0
2018-0316,287,1,1,0
2018-0316,288,1,1,0
2018-0316,289,1,1,1
2018-0316,290,1,0,1
2018-0316,291,1,1,1
2018-0316,292,1,0,0
2018-0316,293,1,0,0
2018-0316,294,1,0,1
2018-0316,295,1,1,1
2018-0316,296,1,1,0
2018-0316,297,1,0,0
2018-0316,298,1,0,0
2018-0316,299,1,0,0
2018-0316,300,1,0,0
2018-0319,271,1,0,1
2018-0319,272,1,1,1
2018-0319,273,1,1,1
2018-0319,275,1,1,1
2018-0319,276,1,0,1
2018-0319,277,1,0,1
2018-0319,278,1,0,1
2018-0319,279,1,1,1
2018-0319,280,1,1,1
2018-0319,282,1,1,1
2018-0319,283,1,0,1
2018-0319,284,1,1,1
2018-0319,286,1,0,0
2018-0319,287,1,1,1
2018-0319,288,1,0,1
2018-0319,289,1,0,0
2018-0319,290,1,0,0
2018-0319,291,1,0,1
2018-0319,292,1,1,0
2018-0319,293,1,0,1
2018-0319,294,1,0,0
2018-0319,295,1,0,0
2018-0319,296,1,0,0
2018-0319,297,1,0,0
2018-0319,298,1,0,0
2018-0319,299,1,0,0
2018-0319,300,1,0,0
2018-0321,271,1,0,1
2018-0321,272,1,1,1
2018-0321,273,1,0,1
2018-0321,275,1,1,1
2018-0321,276,1,1,1
2018-0321,277,1,1,1
2018-0321,278,1,1,1
2018-0321,279,1,1,1
2018-0321,280,1,1,1
2018-0321,282,1,0,1
2018-0321,283,1,0,1
2018-0321,284,1,1,1
2018-0321,286,1,1,0
2018-0321,287,1,0,0
2018-0321,288,1,1,1
2018-0321,289,1,1,1
2018-0321,290,1,1,1
2018-0321,291,1,1,1
2018-0321,292,1,0,0
2018-0321,293,1,1,1
2018-0321,294,1,1,0
2018-0321,295,1,0,1
2018-0321,296,1,1,1
2018-0321,297,1,1,0
2018-0321,298,1,0,0
2018-0321,299,1,1,1
2018-0321,300,1,1,0
2018-0322,271,1,1,1
2018-0322,272,1,1,1
2018-0322,273,1,0,1
2018-0322,275,1,1,1
2018-0322,276,1,1,1
2018-0322,277,1,0,1
2018-0322,278,1,0,1
2018-0322,279,1,1,1
2018-0322,280,1,1,1
2018-0322,282,1,1,1
2018-0322,283,1,1,1
2018-0322,284,1,1,1
2018-0322,286,1,1,1
2018-0322,287,1,1,0
2018-0322,288,1,1,1
2018-0322,289,1,0,0
2018-0322,290,1,0,0
2018-0322,291,1,1,1
2018-0322,292,1,1,1
2018-0322,293,1,0,1
2018-0322,294,1,1,1
2018-0322,295,1,1,0
2018-0322,296,1,0,0
2018-0322,297,1,1,0
2018-0322,298,1,0,1
2018-0322,299,1,0,0
2018-0322,300,1,0,0
2018-0328,270,1,1,1
2018-0328,271,1,0,1
2018-0328,272,1,1,1
2018-0328,273,1,1,1
2018-0328,274,1,1,1
2018-0328,275,1,1,1
2018-0328,276,1,1,1
2018-0328,277,1,0,1
2018-0328,278,1,1,1
2018-0328,279,1,1,1
2018-0328,280,1,1,1
2018-0328,281,1,1,1
2018-0328,282,1,1,1
2018-0328,283,1,1,1
2018-0328,284,1,1,1
2018-0328,285,1,1,1
2018-0328,286,1,1,0
2018-0328,287,1,0,1
2018-0328,288,1,0,1
2018-0328,289,1,1,0
2018-0328,290,1,1,1
2018-0328,291,1,1,1
2018-0328,292,1,0,1
2018-0328,293,1,1,1
2018-0328,294,1,1,0
2018-0328,295,1,0,0
2018-0328,296,1,1,1
2018-0328,297,1,1,0
2018-0328,298,1,0,0
2018-0328,299,1,1,1
2018-0328,300,1,1,0
2018-0329,270,1,1,1
2018-0329,271,1,1,1
2018-0329,272,1,1,1
2018-0329,273,1,1,1
2018-0329,274,1,1,1
2018-0329,275,1,1,1
2018-0329,276,1,1,1
2018-0329,277,1,1,1
2018-0329,278,1,1,1
2018-0329,279,1,0,1
2018-0329,280,1,1,1
2018-0329,281,1,1,1
2018-0329,282,1,1,1
2018-0329,283,1,1,1
2018-0329,284,1,0,1
2018-0329,285,1,0,1
2018-0329,286,1,1,1
2018-0329,287,1,0,1
2018-0329,288,1,1,1
2018-0329,289,1,1,1
2018-0329,290,1,1,0
2018-0329,291,1,1,1
2018-0329,292,1,0,1
2018-0329,293,1,0,0
2018-0329,294,1,0,0
2018-0329,295,1,1,1
2018-0329,296,1,0,1
2018-0329,297,1,0,0
2018-0329,298,1,1,0
2018-0329,299,1,0,0
2018-0329,300,1,0,0
2018-0337,270,1,1,1
2018-0337,271,1,0,1
2018-0337,272,1,0,1
2018-0337,273,1,1,1
2018-0337,274,1,1,1
2018-0337,275,1,1,1
2018-0337,276,1,1,1
2018-0337,277,1,1,1
2018-0337,278,1,1,1
2018-0337,279,1,1,1
2018-0337,280,1,1,1
2018-0337,281,1,0,1
2018-0337,282,1,1,1
2018-0337,283,1,1,1
2018-0337,284,1,0,1
2018-0337,285,1,1,1
2018-0337,286,1,1,0
2018-0337,287,1,1,0
2018-0337,288,1,0,1
2018-0337,289,1,0,1
2018-0337,290,1,0,1
2018-0337,291,1,0,0
2018-0337,292,1,1,1
2018-0337,293,1,1,0
2018-0337,294,1,0,1
2018-0337,295,1,0,0
2018-0337,296,1,0,0
2018-0337,297,1,0,1
2018-0337,298,1,0,0
2018-0337,299,1,0,0
2018-0337,300,1,0,0
2018-0341,271,1,0,1
2018-0341,272,1,0,1
2018-0341,273,1,0,1
2018-0341,275,1,1,1
2018-0341,276,1,1,1
2018-0341,277,1,1,1
2018-0341,278,1,1,1
2018-0341,279,1,1,1
2018-0341,280,1,0,1
2018-0341,282,1,1,1
2018-0341,283,1,0,1
2018-0341,284,1,1,1
2018-0341,286,1,0,0
2018-0341,287,1,0,0
2018-0341,288,1,1,1
2018-0341,289,1,1,1
2018-0341,290,1,1,1
2018-0341,291,1,0,0
2018-0341,292,1,1,0
2018-0341,293,1,1,1
2018-0341,294,1,0,0
2018-0341,295,1,0,1
2018-0341,296,1,0,0
2018-0341,297,1,1,1
2018-0341,298,1,0,0
2018-0341,299,1,0,0
2018-0341,300,1,0,0
2018-0352,239,1,1,1
2018-0352,240,1,0,1
2018-0352,243,1,1,1
2018-0352,244,1,1,1
2018-0352,247,1,1,1
2018-0352,248,1,1,1
2018-0352,251,1,1,1
2018-0352,252,1,1,1
2018-0352,255,1,0,1
2018-0352,256,1,1,1
2018-0352,259,1,0,1
2018-0352,260,1,1,1
2018-0352,263,1,1,1
2018-0352,264,1,1,1
2018-0352,267,1,1,1
2018-0352,268,1,0,1
2018-0352,270,1,1,1
2018-0352,271,1,0,0
2018-0352,272,1,1,1
2018-0352,273,1,1,1
2018-0352,274,1,1,1
2018-0352,275,1,0,1
2018-0352,276,1,1,1
2018-0352,277,1,1,1
2018-0352,278,1,1,0
2018-0352,279,1,0,1
2018-0352,280,1,0,0
2018-0352,281,1,1,1
2018-0352,282,1,1,1
2018-0352,283,1,1,1
2018-0352,284,1,0,1
2018-0352,285,1,1,0
2018-0352,286,1,1,0
2018-0352,287,1,1,1
2018-0352,288,1,1,0
2018-0352,289,1,0,1
2018-0352,290,1,0,0
2018-0352,291,1,1,0
2018-0352,292,1,0,1
2018-0352,293,1,0,0
2018-0352,294,1,1,1
2018-0352,295,1,1,0
2018-0352,296,1,0,0
2018-0352,297,1,0,0
2018-0352,298,1,1,1
2018-0352,299,1,0,0
2018-0352,300,1,0,0
2018-0360,270,1,1,1
2018-0360,271,1,0,1
2018-0360,272,1,0,1
2018-0360,273,1,0,1
2018-0360,274,1,1,1
2018-0360,275,1,1,1
2018-0360,276,1,1,1
2018-0360,277,1,0,1
2018-0360,278,1,0,1
2018-0360,279,1,1,1
2018-0360,280,1,0,1
2018-0360,281,1,0,1
2018-0360,282,1,0,1
2018-0360,283,1,1,1
2018-0360,284,1,0,1
2018-0360,285,1,1,1
2018-0360,286,1,1,0
2018-0360,287,1,0,0
2018-0360,288,1,1,1
2018-0360,289,1,0,0
2018-0360,290,1,0,0
2018-0360,291,1,0,0
2018-0360,292,1,0,0
2018-0360,293,1,0,0
2018-0360,294,1,0,0
2018-0360,295,1,1,0
2018-0360,296,1,0,0
2018-0360,297,1,0,0
2018-0360,298,1,0,0
2018-0360,299,1,0,0
2018-0360,300,1,0,0
2018-0375,271,1,0,1
2018-0375,272,1,1,1
2018-0375,273,1,1,1
2018-0375,275,1,1,1
2018-0375,276,1,0,1
2018-0375,277,1,1,1
2018-0375,278,1,1,1
2018-0375,279,1,1,1
2018-0375,280,1,1,1
2018-0375,282,1,1,1
2018-0375,283,1,0,1
2018-0375,284,1,1,1
2018-0375,286,1,1,0
2018-0375,287,1,1,1
2018-0375,288,1,1,1
2018-0375,289,1,1,0
2018-0375,290,1,1,1
2018-0375,291,1,0,1
2018-0375,292,1,1,0
2018-0375,293,1,1,1
2018-0375,294,1,1,1
2018-0375,295,1,1,1
2018-0375,296,1,1,0
2018-0375,297,1,1,1
2018-0375,298,1,1,1
2018-0375,299,1,1,1
2018-0375,300,1,1,1
2018-0407,270,1,1,1
2018-0407,271,1,1,1
2018-0407,272,1,1,1
2018-0407,273,1,1,1
2018-0407,274,1,1,1
2018-0407,275,1,1,1
2018-0407,276,1,1,1
2018-0407,277,1,1,1
2018-0407,278,1,1,1
2018-0407,279,1,0,1
2018-0407,280,1,1,1
2018-0407,281,1,1,1
2018-0407,282,1,0,1
2018-0407,283,1,1,1
2018-0407,284,1,0,1
2018-0407,285,1,1,1
2018-0407,286,1,1,1
2018-0407,287,1,0,1
2018-0407,288,1,1,1
2018-0407,289,1,1,1
2018-0407,290,1,0,0
2018-0407,291,1,0,1
2018-0407,292,1,1,0
2018-0407,293,1,1,0
2018-0407,294,1,1,0
2018-0407,295,1,0,1
2018-0407,296,1,0,0
2018-0407,297,1,1,1
2018-0407,298,1,1,0
2018-0407,299,1,1,0
2018-0407,300,1,1,1
2018-0410,239,1,1,1
2018-0410,240,1,0,1
2018-0410,241,1,1,1
2018-0410,242,1,0,1
2018-0410,243,1,0,1
2018-0410,244,1,0,1
2018-0410,247,1,1,1
2018-0410,248,1,1,1
2018-0410,249,1,1,1
2018-0410,250,1,1,1
2018-0410,251,1,1,1
2018-0410,252,1,0,1
2018-0410,255,1,0,1
2018-0410,256,1,0,1
2018-0410,257,1,1,1
2018-0410,258,1,1,1
2018-0410,259,1,1,1
2018-0410,260,1,1,1
2018-0410,263,1,0,1
2018-0410,264,1,1,1
2018-0410,265,1,1,1
2018-0410,266,1,1,1
2018-0410,267,1,1,1
2018-0410,268,1,1,1
2018-0410,270,1,1,1
2018-0410,271,1,1,0
2018-0410,272,1,0,0
2018-0410,273,1,0,0
2018-0410,274,1,1,1
2018-0410,275,1,0,1
2018-0410,276,1,1,1
2018-0410,277,1,0,0
2018-0410,278,1,1,0
2018-0410,279,1,1,0
2018-0410,280,1,1,1
2018-0410,281,1,1,1
2018-0410,282,1,1,0
2018-0410,283,1,0,1
2018-0410,284,1,1,1
2018-0410,285,1,1,1
2018-0410,286,1,1,1
2018-0410,287,1,0,0
2018-0410,288,1,1,0
2018-0410,289,1,0,0
2018-0410,290,1,1,1
2018-0410,291,1,1,1
2018-0410,292,1,1,0
2018-0410,293,1,1,1
2018-0410,294,1,0,0
2018-0410,295,1,1,0
2018-0410,296,1,1,1
2018-0410,297,1,1,1
2018-0410,298,1,0,0
2018-0410,299,1,1,1
2018-0410,300,1,1,0
2018-0414,270,1,1,1
2018-0414,271,1,0,1
2018-0414,272,1,1,1
2018-0414,273,1,1,1
2018-0414,274,1,0,1
2018-0414,275,1,0,1
2018-0414,276,1,0,1
2018-0414,277,1,1,1
2018-0414,278,1,0,1
2018-0414,279,1,0,1
2018-0414,280,1,1,1
2018-0414,281,1,1,1
2018-0414,282,1,1,1
2018-0414,283,1,0,1
2018-0414,284,1,0,1
2018-0414,285,1,1,1
2018-0414,286,1,1,0
2018-0414,287,1,0,1
2018-0414,288,1,0,0
2018-0414,289,1,0,0
2018-0414,290,1,0,0
2018-0414,291,1,0,1
2018-0414,292,1,0,0
2018-0414,293,1,1,0
2018-0414,294,1,0,0
2018-0414,295,1,0,0
2018-0414,296,1,0,0
2018-0414,297,1,0,0
2018-0414,298,1,0,0
2018-0414,299,1,0,0
2018-0414,300,1,0,0
2018-0421,239,1,0,1
2018-0421,240,1,0,1
2018-0421,241,1,1,1
2018-0421,242,1,1,1
2018-0421,243,1,0,1
2018-0421,244,1,1,1
2018-0421,247,1,0,1
2018-0421,248,1,0,1
2018-0421,249,1,0,1
2018-0421,250,1,1,1
2018-0421,251,1,1,1
2018-0421,252,1,1,1
2018-0421,255,1,1,1
2018-0421,256,1,1,1
2018-0421,257,1,1,1
2018-0421,258,1,1,1
2018-0421,259,1,1,1
2018-0421,260,1,0,1
2018-0421,263,1,1,1
2018-0421,264,1,1,1
2018-0421,265,1,0,1
2018-0421,266,1,0,1
2018-0421,267,1,1,1
2018-0421,268,1,0,1
2018-0421,270,1,1,0
2018-0421,271,1,0,0
2018-0421,272,1,1,0
2018-0421,273,1,0,1
2018-0421,274,1,1,0
2018-0421,275,1,0,0
2018-0421,276,1,0,1
2018-0421,277,1,1,1
2018-0421,278,1,1,1
2018-0421,279,1,0,1
2018-0421,280,1,0,1
2018-0421,281,1,0,0
2018-0421,282,1,1,1
2018-0421,283,1,0,0
2018-0421,284,1,0,0
2018-0421,285,1,1,0
2018-0421,286,1,1,0
2018-0421,287,1,0,0
2018-0421,288,1,1,0
2018-0421,289,1,0,0
2018-0421,290,1,0,0
2018-0421,291,1,0,0
2018-0421,292,1,1,0
2018-0421,293,1,1,0
2018-0421,294,1,0,0
2018-0421,295,1,1,0
2018-0421,296,1,0,0
2018-0421,297,1,1,1
2018-0421,298,1,0,0
2018-0421,299,1,0,0
2018-0421,300,1,0,0
2018-0424,271,1,0,1
2018-0424,272,1,1,1
2018-0424,273,1,1,1
2018-0424,275,1,1,1
2018-0424,276,1,1,1
2018-0424,277,1,0,1
2018-0424,278,1,1,1
2018-0424,279,1,1,1
2018-0424,280,1,1,1
2018-0424,282,1,0,1
2018-0424,283,1,1,1
2018-0424,284,1,1,1
2018-0424,286,1,1,0
2018-0424,287,1,0,1
2018-0424,288,1,1,1
2018-0424,289,1,0,0
2018-0424,290,1,1,1
2018-0424,291,1,0,1
2018-0424,292,1,1,0
2018-0424,293,1,1,1
2018-0424,294,1,1,0
2018-0424,295,1,1,0
2018-0424,296,1,0,0
2018-0424,297,1,1,1
2018-0424,298,1,1,1
2018-0424,299,1,0,0
2018-0424,300,1,0,0
2018-0425,239,1,1,1
2018-0425,240,1,1,1
2018-0425,243,1,1,1
2018-0425,244,1,0,1
2018-0425,247,1,0,1
2018-0425,248,1,1,1
2018-0425,251,1,0,1
2018-0425,252,1,0,1
2018-0425,255,1,1,1
2018-0425,256,1,1,1
2018-0425,259,1,1,1
2018-0425,260,1,1,1
2018-0425,263,1,0,1
2018-0425,264,1,1,1
2018-0425,267,1,1,1
2018-0425,268,1,1,1
2018-0425,270,1,1,1
2018-0425,271,1,0,1
2018-0425,272,1,1,1
2018-0425,273,1,1,0
2018-0425,274,1,1,0
2018-0425,275,1,1,1
2018-0425,276,1,1,0
2018-0425,277,1,0,0
2018-0425,278,1,1,1
2018-0425,279,1,1,1
2018-0425,280,1,1,1
2018-0425,281,1,1,1
2018-0425,282,1,0,0
2018-0425,283,1,1,1
2018-0425,284,1,0,1
2018-0425,285,1,1,1
2018-0425,286,1,1,0
2018-0425,287,1,1,1
2018-0425,288,1,1,1
2018-0425,289,1,0,0
2018-0425,290,1,1,1
2018-0425,291,1,1,1
2018-0425,292,1,0,0
2018-0425,293,1,1,0
2018-0425,294,1,1,1
2018-0425,295,1,0,0
2018-0425,296,1,1,1
2018-0425,297,1,1,0
2018-0425,298,1,0,0
2018-0425,299,1,1,1
2018-0425,300,1,1,0
2018-0429,271,1,0,1
2018-0429,272,1,1,1
2018-0429,273,1,1,1
2018-0429,275,1,1,1
2018-0429,276,1,0,1
2018-0429,277,1,1,1
2018-0429,278,1,1,1
2018-0429,279,1,1,1
2018-0429,280,1,1,1
2018-0429,282,1,0,1
2018-0429,283,1,1,1
2018-0429,284,1,0,1
2018-0429,286,1,1,0
2018-0429,287,1,1,1
2018-0429,288,1,1,1
2018-0429,289,1,0,0
2018-0429,290,1,0,1
2018-0429,291,1,1,1
2018-0429,292,1,0,0
2018-0429,293,1,1,0
2018-0429,294,1,1,1
2018-0429,295,1,1,0
2018-0429,296,1,0,0
2018-0429,297,1,1,0
2018-0429,298,1,0,1
2018-0429,299,1,0,0
2018-0429,300,1,0,0
2018-0439,271,1,0,1
2018-0439,272,1,1,1
2018-0439,273,1,0,1
2018-0439,275,1,1,1
2018-0439,276,1,0,1
2018-0439,277,1,1,1
2018-0439,278,1,1,1
2018-0439,279,1,0,1
2018-0439,280,1,0,1
2018-0439,282,1,1,1
2018-0439,283,1,1,1
2018-0439,284,1,1,1
2018-0439,286,1,0,0
2018-0439,287,1,0,0
2018-0439,288,1,1,1
2018-0439,289,1,0,0
2018-0439,290,1,1,0
2018-0439,291,1,1,0
2018-0439,292,1,0,1
2018-0439,293,1,0,1
2018-0439,294,1,0,0
2018-0439,295,1,1,0
2018-0439,296,1,0,1
2018-0439,297,1,0,0
2018-0439,298,1,1,0
2018-0439,299,1,0,0
2018-0439,300,1,1,0
2018-0451,270,1,0,1
2018-0451,271,1,1,1
2018-0451,272,1,1,1
2018-0451,273,1,1,1
2018-0451,274,1,0,1
2018-0451,275,1,1,1
2018-0451,276,1,1,1
2018-0451,277,1,1,1
2018-0451,278,1,0,1
2018-0451,279,1,0,1
2018-0451,280,1,1,1
2018-0451,281,1,0,1
2018-0451,282,1,1,1
2018-0451,283,1,0,1
2018-0451,284,1,1,1
2018-0451,285,1,1,1
2018-0451,286,1,0,0
2018-0451,287,1,1,1
2018-0451,288,1,0,0
2018-0451,289,1,0,1
2018-0451,290,1,0,0
2018-0451,291,1,0,0
2018-0451,292,1,0,0
2018-0451,293,1,1,1
2018-0451,294,1,1,0
2018-0451,295,1,0,0
2018-0451,296,1,0,0
2018-0451,297,1,1,0
2018-0451,298,1,1,0
2018-0451,299,1,0,0
2018-0451,300,1,0,0
2018-0495,270,1,1,1
2018-0495,271,1,0,1
2018-0495,272,1,1,1
2018-0495,273,1,1,1
2018-0495,274,1,1,1
2018-0495,275,1,1,1
2018-0495,276,1,1,1
2018-0495,277,1,1,1
2018-0495,278,1,0,1
2018-0495,279,1,1,1
2018-0495,280,1,1,1
2018-0495,281,1,1,1
2018-0495,282,1,1,1
2018-0495,283,1,1,1
2018-0495,284,1,1,1
2018-0495,285,1,0,1
2018-0495,286,1,1,0
2018-0495,287,1,1,1
2018-0495,288,1,0,1
2018-0495,289,1,1,1
2018-0495,290,1,0,0
2018-0495,291,1,1,1
2018-0495,292,1,0,1
2018-0495,293,1,0,0
2018-0495,294,1,0,1
2018-0495,295,1,1,0
2018-0495,296,1,0,0
2018-0495,297,1,0,0
2018-0495,298,1,0,0
2018-0495,299,1,0,0
2018-0495,300,1,0,0
2018-0496,271,1,0,1
2018-0496,272,1,0,1
2018-0496,273,1,0,1
2018-0496,275,1,1,1
2018-0496,276,1,1,1
2018-0496,277,1,1,1
2018-0496,278,1,1,1
2018-0496,279,1,0,1
2018-0496,280,1,1,1
2018-0496,282,1,1,1
2018-0496,283,1,1,1
2018-0496,284,1,1,1
2018-0496,286,1,0,0
2018-0496,287,1,0,0
2018-0496,288,1,1,1
2018-0496,289,1,0,1
2018-0496,290,1,1,0
2018-0496,291,1,1,1
2018-0496,292,1,1,1
2018-0496,293,1,0,1
2018-0496,294,1,0,0
2018-0496,295,1,1,0
2018-0496,296,1,1,1
2018-0496,297,1,0,0
2018-0496,298,1,0,0
2018-0496,299,1,0,0
2018-0496,300,1,0,0
2018-0499,270,1,1,1
2018-0499,271,1,1,1
2018-0499,272,1,1,1
2018-0499,273,1,1,1
2018-0499,274,1,0,1
2018-0499,275,1,0,1
2018-0499,276,1,1,1
2018-0499,277,1,0,1
2018-0499,278,1,1,1
2018-0499,279,1,1,1
2018-0499,280,1,1,1
2018-0499,281,1,0,1
2018-0499,282,1,1,1
2018-0499,283,1,1,1
2018-0499,284,1,0,1
2018-0499,285,1,1,1
2018-0499,286,1,0,1
2018-0499,287,1,1,1
2018-0499,288,1,0,0
2018-0499,289,1,0,0
2018-0499,290,1,0,1
2018-0499,291,1,0,0
2018-0499,292,1,0,1
2018-0499,293,1,0,0
2018-0499,294,1,0,0
2018-0499,295,1,0,0
2018-0499,296,1,0,0
2018-0499,297,1,0,0
2018-0499,298,1,0,0
2018-0499,299,1,0,0
2018-0499,300,1,0,0
2018-0500,270,1,0,1
2018-0500,271,1,1,1
2018-0500,272,1,1,1
2018-0500,273,1,0,1
2018-0500,274,1,1,1
2018-0500,275,1,1,1
2018-0500,276,1,0,1
2018-0500,277,1,1,1
2018-0500,278,1,0,1
2018-0500,279,1,1,1
2018-0500,280,1,0,1
2018-0500,281,1,1,1
2018-0500,282,1,1,1
2018-0500,283,1,1,1
2018-0500,284,1,0,1
2018-0500,285,1,1,1
2018-0500,286,1,0,0
2018-0500,287,1,0,0
2018-0500,288,1,1,1
2018-0500,289,1,0,0
2018-0500,290,1,0,0
2018-0500,291,1,0,0
2018-0500,292,1,1,1
2018-0500,293,1,1,0
2018-0500,294,1,0,0
2018-0500,295,1,0,0
2018-0500,296,1,0,0
2018-0500,297,1,1,1
2018-0500,298,1,0,0
2018-0500,299,1,1,0
2018-0500,300,1,0,0
2018-0506,271,1,0,1
2018-0506,272,1,1,1
2018-0506,273,1,1,1
2018-0506,275,1,0,1
2018-0506,276,1,1,1
2018-0506,277,1,1,1
2018-0506,278,1,0,1
2018-0506,279,1,0,1
2018-0506,280,1,1,1
2018-0506,282,1,1,1
2018-0506,283,1,1,1
2018-0506,284,1,1,1
2018-0506,286,1,0,0
2018-0506,287,1,0,1
2018-0506,288,1,0,0
2018-0506,289,1,1,1
2018-0506,290,1,0,0
2018-0506,291,1,0,1
2018-0506,292,1,0,1
2018-0506,293,1,1,1
2018-0506,294,1,0,0
2018-0506,295,1,0,0
2018-0506,296,1,0,0
2018-0506,297,1,1,0
2018-0506,298,1,0,0
2018-0506,299,1,1,0
2018-0506,300,1,0,0
2018-0533,271,1,1,1
2018-0533,272,1,1,1
2018-0533,273,1,1,1
2018-0533,275,1,1,1
2018-0533,276,1,1,1
2018-0533,277,1,1,1
2018-0533,278,1,1,1
2018-0533,279,1,1,1
2018-0533,280,1,0,1
2018-0533,282,1,1,1
2018-0533,283,1,1,1
2018-0533,284,1,0,1
2018-0533,286,1,1,1
2018-0533,287,1,0,1
2018-0533,288,1,1,1
2018-0533,289,1,1,1
2018-0533,290,1,0,1
2018-0533,291,1,0,0
2018-0533,292,1,1,1
2018-0533,293,1,1,0
2018-0533,294,1,1,0
2018-0533,295,1,1,1
2018-0533,296,1,0,0
2018-0533,297,1,0,1
2018-0533,298,1,1,1
2018-0533,299,1,0,0
2018-0533,300,1,1,0
2018-0568,271,1,1,1
2018-0568,272,1,1,1
2018-0568,273,1,1,1
2018-0568,275,1,1,1
2018-0568,276,1,1,1
2018-0568,277,1,1,1
2018-0568,278,1,1,1
2018-0568,279,1,1,1
2018-0568,280,1,0,1
2018-0568,282,1,1,1
2018-0568,283,1,1,1
2018-0568,284,1,0,1
2018-0568,286,1,0,1
2018-0568,287,1,1,1
2018-0568,288,1,0,1
2018-0568,289,1,1,1
2018-0568,290,1,1,1
2018-0568,291,1,1,0
2018-0568,292,1,1,1
2018-0568,293,1,1,0
2018-0568,294,1,0,0
2018-0568,295,1,0,0
2018-0568,296,1,1,1
2018-0568,297,1,1,1
2018-0568,298,1,0,0
2018-0568,299,1,1,1
2018-0568,300,1,1,0
2018-0717,271,1,1,1
2018-0717,272,1,1,1
2018-0717,273,1,1,1
2018-0717,275,1,1,1
2018-0717,276,1,0,1
2018-0717,277,1,0,1
2018-0717,278,1,1,1
2018-0717,279,1,1,1
2018-0717,280,1,1,1
2018-0717,282,1,1,1
2018-0717,283,1,1,1
2018-0717,284,1,0,1
2018-0717,286,1,0,1
2018-0717,287,1,0,1
2018-0717,288,1,1,1
2018-0717,289,1,0,0
2018-0717,290,1,0,1
2018-0717,291,1,1,1
2018-0717,292,1,0,1
2018-0717,293,1,1,0
2018-0717,294,1,0,0
2018-0717,295,1,0,0
2018-0717,296,1,0,0
2018-0717,297,1,0,0
2018-0717,298,1,0,0
2018-0717,299,1,0,0
2018-0717,300,1,0,0
2018-0891,271,1,0,1
2018-0891,272,1,1,1
2018-0891,273,1,1,1
2018-0891,275,1,1,1
2018-0891,276,1,1,1
2018-0891,277,1,1,1
2018-0891,278,1,0,1
2018-0891,279,1,0,1
2018-0891,280,1,1,1
2018-0891,282,1,1,1
2018-0891,283,1,1,1
2018-0891,284,1,1,1
2018-0891,286,1,1,0
2018-0891,287,1,1,1
2018-0891,288,1,1,1
2018-0891,289,1,1,1
2018-0891,290,1,0,0
2018-0891,291,1,0,1
2018-0891,292,1,1,1
2018-0891,293,1,1,1
2018-0891,294,1,1,1
2018-0891,295,1,0,1
2018-0891,296,1,0,0
2018-0891,297,1,1,1
2018-0891,298,1,1,0
2018-0891,299,1,0,0
2018-0891,300,1,0,0
2018-5014,239,1,1,1
2018-5014,240,1,1,1
2018-5014,241,1,0,1
2018-5014,242,1,1,1
2018-5014,243,1,1,1
2018-5014,244,1,0,1
2018-5014,247,1,0,1
2018-5014,248,1,1,1
2018-5014,249,1,0,1
2018-5014,250,1,1,1
2018-5014,251,1,0,1
2018-5014,252,1,0,1
2018-5014,255,1,0,1
2018-5014,256,1,1,1
2018-5014,257,1,0,1
2018-5014,258,1,0,1
2018-5014,259,1,0,1
2018-5014,260,1,1,1
2018-5014,263,1,0,1
2018-5014,264,1,0,1
2018-5014,265,1,1,1
2018-5014,266,1,0,1
2018-5014,267,1,1,1
2018-5014,268,1,1,1
2018-5014,270,1,1,1
2018-5014,271,1,0,0
2018-5014,272,1,1,1
2018-5014,273,1,1,0
2018-5014,274,1,1,0
2018-5014,275,1,1,0
2018-5014,276,1,1,0
2018-5014,277,1,0,0
2018-5014,278,1,0,0
2018-5014,279,1,0,0
2018-5014,280,1,0,0
2018-5014,281,1,1,1
2018-5014,282,1,1,0
2018-5014,283,1,1,0
2018-5014,284,1,0,0
2018-5014,285,1,1,1
2018-5014,286,1,1,0
2018-5014,287,1,1,1
2018-5014,288,1,1,1
2018-5014,289,1,0,0
2018-5014,290,1,0,0
2018-5014,291,1,0,0
2018-5014,292,1,1,1
2018-5014,293,1,1,0
2018-5014,294,1,1,1
2018-5014,295,1,1,0
2018-5014,296,1,0,0
2018-5014,297,1,1,1
2018-5014,298,1,1,1
2018-5014,299,1,0,0
2018-5014,300,1,1,0
2018-520,100,1,1,1
2018-520,101,1,0,1
2018-520,102,1,1,1
2018-520,103,1,1,1
2018-520,104,1,1,1
2018-520,105,1,1,1
2018-520,106,1,0,1
2018-520,107,1,0,1
2018-520,108,1,1,1
2018-520,109,1,1,1
2018-520,110,1,1,1
2018-520,111,1,0,1
2018-520,112,1,0,1
2018-520,113,1,1,1
2018-520,114,1,1,1
2018-520,115,1,1,1
2018-520,116,1,1,1
2018-520,117,1,0,1
2018-520,118,1,1,1
2018-520,119,1,1,1
2018-520,120,1,1,1
2018-520,121,1,1,1
2018-520,122,1,1,1
2018-520,123,1,1,1
2018-520,124,1,1,1
2018-520,125,1,1,1
2018-520,126,1,1,1
2018-520,127,1,0,1
2018-520,128,1,1,1
2018-520,129,1,1,1
2018-520,130,1,0,1
2018-520,131,1,1,1
2018-520,132,1,1,1
2018-520,133,1,0,1
2018-520,134,1,1,1
2018-520,135,1,1,1
2018-520,136,1,1,1
2018-520,137,1,1,1
2018-520,138,1,1,1
2018-520,139,1,1,1
2018-520,140,1,1,1
2018-520,141,1,1,1
2018-520,142,1,0,1
2018-520,143,1,1,1
2018-520,144,1,1,1
2018-520,145,1,0,1
2018-520,146,1,0,1
2018-520,147,1,1,1
2018-520,148,1,1,1
2018-520,149,1,1,1
2018-520,150,1,1,1
2018-520,151,1,1,1
2018-520,152,1,1,1
2018-520,153,1,1,1
2018-520,154,1,1,1
2018-520,155,1,0,1
2018-520,156,1,1,1
2018-520,157,1,0,1
2018-520,158,1,1,1
2018-520,159,1,0,1
2018-520,160,1,1,1
2018-520,161,1,1,1
2018-520,162,1,1,1
2018-520,163,1,1,1
2018-520,164,1,1,0
2018-520,165,1,1,1
2018-520,166,1,0,1
2018-520,167,1,0,0
2018-520,168,1,1,1
2018-520,169,1,0,0
2018-520,170,1,0,0
2018-520,171,1,1,1
2018-520,172,1,1,0
2018-520,173,1,1,1
2018-520,174,1,1,1
2018-520,175,1,1,1
2018-520,176,1,1,1
2018-520,177,1,0,0
2018-520,178,1,1,1
2018-520,179,1,0,0
2018-520,180,1,1,0
2018-520,181,1,1,1
2018-520,182,1,0,1
2018-520,183,1,1,1
2018-520,184,1,1,1
2018-520,185,1,1,0
2018-520,186,1,1,0
2018-520,187,1,1,0
2018-520,188,1,1,1
2018-520,189,1,0,1
2018-520,190,1,1,1
2018-520,191,1,1,0
2018-520,192,1,1,0
2018-520,193,1,0,0
2018-520,194,1,1,1
2018-520,195,1,1,1
2018-520,196,1,1,1
2018-520,197,1,0,0
2018-520,198,1,1,0
2018-520,199,1,1,0
2018-520,200,1,1,1
2018-520,201,1,1,1
2018-520,202,1,0,0
2018-520,203,1,0,0
2018-520,204,1,1,1
2018-520,205,1,0,0
2018-520,206,1,1,1
2018-520,207,1,0,1
2018-520,208,1,1,0
2018-520,209,1,1,1
2018-520,210,1,0,0
2018-520,211,1,1,1
2018-520,212,1,1,0
2018-520,213,1,0,1
2018-520,214,1,1,1
2018-520,215,1,0,0
2018-520,216,1,0,0
2018-520,217,1,0,0
2018-520,218,1,1,1
2018-520,219,1,1,0
2018-520,220,1,1,0
2018-520,221,1,0,0
2018-520,222,1,0,0
2018-520,223,1,1,1
2018-520,224,1,1,0
2018-520,225,1,1,0
2018-520,226,1,1,1
2018-540,100,1,1,1
2018-540,101,1,1,1
2018-540,102,1,1,1
2018-540,103,1,0,1
2018-540,104,1,1,1
2018-540,105,1,1,1
2018-540,106,1,1,1
2018-540,107,1,0,1
2018-540,108,1,1,1
2018-540,109,1,1,1
2018-540,110,1,1,1
2018-540,111,1,0,1
2018-540,112,1,1,1
2018-540,113,1,1,1
2018-540,114,1,1,1
2018-540,115,1,1,1
2018-540,116,1,1,1
2018-540,117,1,1,1
2018-540,118,1,0,1
2018-540,119,1,1,1
2018-540,120,1,1,1
2018-540,121,1,1,1
2018-540,122,1,1,1
2018-540,123,1,1,1
2018-540,124,1,1,1
2018-540,125,1,0,1
2018-540,126,1,0,1
2018-540,127,1,0,1
2018-540,128,1,1,1
2018-540,129,1,1,1
2018-540,130,1,1,1
2018-540,131,1,0,1
2018-540,132,1,0,1
2018-540,133,1,1,1
2018-540,134,1,1,1
2018-540,135,1,1,1
2018-540,136,1,1,1
2018-540,137,1,0,1
2018-540,138,1,0,1
2018-540,139,1,1,1
2018-540,140,1,1,1
2018-540,141,1,1,1
2018-540,142,1,1,1
2018-540,143,1,1,1
2018-540,144,1,1,1
2018-540,145,1,1,1
2018-540,146,1,0,1
2018-540,147,1,1,1
2018-540,148,1,1,1
2018-540,149,1,1,1
2018-540,150,1,1,1
2018-540,151,1,0,1
2018-540,152,1,0,1
2018-540,153,1,1,1
2018-540,154,1,0,1
2018-540,155,1,0,1
2018-540,156,1,1,1
2018-540,157,1,1,1
2018-540,158,1,1,1
2018-540,159,1,1,1
2018-540,160,1,1,1
2018-540,161,1,0,1
2018-540,162,1,1,1
2018-540,163,1,1,1
2018-540,164,1,1,1
2018-540,165,1,0,0
2018-540,166,1,1,1
2018-540,167,1,0,0
2018-540,168,1,1,1
2018-540,169,1,0,0
2018-540,170,1,0,1
2018-540,171,1,1,1
2018-540,172,1,0,1
2018-540,173,1,0,0
2018-540,174,1,0,1
2018-540,175,1,1,1
2018-540,176,1,1,0
2018-540,177,1,0,0
2018-540,178,1,0,1
2018-540,179,1,0,0
2018-540,180,1,0,0
2018-540,181,1,0,1
2018-540,182,1,1,0
2018-540,183,1,1,0
2018-540,184,1,1,1
2018-540,185,1,0,1
2018-540,186,1,0,1
2018-540,187,1,1,0
2018-540,188,1,1,1
2018-540,189,1,0,0
2018-540,190,1,1,0
2018-540,191,1,0,0
2018-540,192,1,1,1
2018-540,193,1,1,1
2018-540,194,1,0,0
2018-540,195,1,1,1
2018-540,196,1,1,0
2018-540,197,1,0,0
2018-540,198,1,0,0
2018-540,199,1,0,0
2018-540,200,1,0,0
2018-540,201,1,1,0
2018-540,202,1,1,0
2018-540,203,1,0,0
2018-540,204,1,0,0
2018-540,205,1,1,1
2018-540,206,1,0,0
2018-540,207,1,0,0
2018-540,208,1,1,0
2018-540,209,1,0,0
2018-540,210,1,0,1
2018-540,211,1,1,0
2018-540,212,1,1,0
2018-540,213,1,0,0
2018-540,214,1,0,0
2018-540,215,1,0,0
2018-540,216,1,1,0
2018-540,217,1,0,0
2018-540,218,1,1,0
2018-540,219,1,0,0
2018-540,220,1,0,0
2018-540,221,1,0,0
2018-540,222,1,0,0
2018-540,223,1,0,0
2018-540,224,1,0,0
2018-540,225,1,0,0
2018-540,226,1,0,0
2018-560,100,1,1,1
2018-560,101,1,1,1
2018-560,102,1,0,1
2018-560,103,1,1,1
2018-560,104,1,1,1
2018-560,105,1,1,1
2018-560,106,1,1,1
2018-560,107,1,0,1
2018-560,108,1,1,1
2018-560,109,1,1,1
2018-560,110,1,0,1
2018-560,111,1,0,1
2018-560,112,1,1,1
2018-560,113,1,0,1
2018-560,114,1,1,1
2018-560,115,1,1,1
2018-560,116,1,1,1
2018-560,117,1,0,1
2018-560,118,1,1,1
2018-560,119,1,1,1
2018-560,120,1,1,1
2018-560,121,1,0,1
2018-560,122,1,1,1
2018-560,123,1,1,1
2018-560,124,1,1,1
2018-560,125,1,0,1
2018-560,126,1,1,1
2018-560,127,1,1,1
2018-560,128,1,1,1
2018-560,129,1,0,1
2018-560,130,1,1,1
2018-560,131,1,1,1
2018-560,132,1,1,1
2018-560,133,1,1,1
2018-560,134,1,1,1
2018-560,135,1,1,1
2018-560,136,1,0,1
2018-560,137,1,1,1
2018-560,138,1,1,1
2018-560,139,1,1,1
2018-560,140,1,1,1
2018-560,141,1,1,1
2018-560,142,1,1,1
2018-560,143,1,1,1
2018-560,144,1,0,1
2018-560,145,1,1,1
2018-560,146,1,1,1
2018-560,147,1,1,1
2018-560,148,1,1,1
2018-560,149,1,1,1
2018-560,150,1,0,1
2018-560,151,1,1,1
2018-560,152,1,1,1
2018-560,153,1,1,1
2018-560,154,1,1,1
2018-560,155,1,1,1
2018-560,156,1,1,1
2018-560,157,1,1,1
2018-560,158,1,0,1
2018-560,159,1,1,1
2018-560,160,1,1,1
2018-560,161,1,1,1
2018-560,162,1,1,1
2018-560,163,1,1,1
2018-560,164,1,1,1
2018-560,165,1,1,0
2018-560,166,1,0,1
2018-560,167,1,0,0
2018-560,168,1,1,1
2018-560,169,1,0,0
2018-560,170,1,1,0
2018-560,171,1,1,1
2018-560,172,1,1,0
2018-560,173,1,0,1
2018-560,174,1,1,0
2018-560,175,1,0,1
2018-560,176,1,1,0
2018-560,177,1,0,1
2018-560,178,1,1,0
2018-560,179,1,1,1
2018-560,180,1,1,1
2018-560,181,1,1,1
2018-560,182,1,0,0
2018-560,183,1,1,1
2018-560,184,1,1,1
2018-560,185,1,1,1
2018-560,186,1,1,0
2018-560,187,1,1,1
2018-560,188,1,1,1
2018-560,189,1,1,0
2018-560,190,1,1,1
2018-560,191,1,0,1
2018-560,192,1,0,1
2018-560,193,1,0,0
2018-560,194,1,1,1
2018-560,195,1,1,1
2018-560,196,1,1,1
2018-560,197,1,0,0
2018-560,198,1,0,0
2018-560,199,1,1,1
2018-560,200,1,1,0
2018-560,201,1,1,0
2018-560,202,1,1,0
2018-560,203,1,1,1
2018-560,204,1,1,1
2018-560,205,1,1,0
2018-560,206,1,1,1
2018-560,207,1,0,1
2018-560,208,1,1,1
2018-560,209,1,0,0
2018-560,210,1,0,0
2018-560,211,1,1,1
2018-560,212,1,1,0
2018-560,213,1,0,0
2018-560,214,1,1,1
2018-560,215,1,1,1
2018-560,216,1,1,1
2018-560,217,1,0,0
2018-560,218,1,1,0
2018-560,219,1,0,0
2018-560,220,1,1,0
2018-560,221,1,1,1
2018-560,222,1,0,0
2018-560,223,1,1,0
2018-560,224,1,0,1
2018-560,225,1,1,0
2018-560,226,1,1,0
2018-580,101,1,1,1
2018-580,102,1,1,1
2018-580,103,1,0,1
2018-580,104,1,1,1
2018-580,105,1,1,1
2018-580,106,1,0,1
2018-580,107,1,1,1
2018-580,108,1,0,1
2018-580,109,1,1,1
2018-580,110,1,1,1
2018-580,111,1,0,1
2018-580,112,1,1,1
2018-580,113,1,1,1
2018-580,114,1,1,1
2018-580,115,1,1,1
2018-580,116,1,1,1
2018-580,117,1,1,1
2018-580,118,1,1,1
2018-580,119,1,1,1
2018-580,120,1,1,1
2018-580,121,1,1,1
2018-580,122,1,1,1
2018-580,123,1,1,1
2018-580,124,1,1,1
2018-580,125,1,0,1
2018-580,126,1,1,1
2018-580,127,1,1,1
2018-580,128,1,0,1
2018-580,129,1,0,1
2018-580,130,1,1,1
2018-580,131,1,1,1
2018-580,132,1,0,1
2018-580,133,1,1,1
2018-580,134,1,0,1
2018-580,135,1,1,1
2018-580,136,1,1,1
2018-580,137,1,0,1
2018-580,138,1,1,1
2018-580,139,1,0,1
2018-580,140,1,1,1
2018-580,141,1,1,1
2018-580,142,1,1,1
2018-580,143,1,1,1
2018-580,144,1,1,1
2018-580,145,1,0,1
2018-580,146,1,0,1
2018-580,147,1,1,1
2018-580,148,1,1,1
2018-580,149,1,1,1
2018-580,150,1,1,1
2018-580,151,1,1,1
2018-580,152,1,1,1
2018-580,153,1,1,1
2018-580,154,1,0,1
2018-580,155,1,1,1
2018-580,156,1,1,1
2018-580,157,1,1,1
2018-580,158,1,1,1
2018-580,159,1,0,1
2018-580,160,1,0,1
2018-580,161,1,1,1
2018-580,162,1,0,1
2018-580,163,1,1,1
2018-580,164,1,1,1
2018-580,201,1,1,1
2018-580,202,1,0,0
2018-580,203,1,1,0
2018-580,204,1,0,0
2018-580,205,1,1,1
2018-580,206,1,1,0
2018-580,207,1,0,1
2018-580,208,1,1,1
2018-580,209,1,1,1
2018-580,210,1,1,1
2018-580,211,1,1,1
2018-580,212,1,1,1
2018-580,213,1,0,0
2018-580,214,1,0,0
2018-580,215,1,0,0
2018-580,216,1,0,0
2018-580,217,1,1,0
2018-580,218,1,1,1
2018-580,219,1,0,0
2018-580,220,1,0,0
2018-580,221,1,1,1
2018-580,222,1,1,1
2018-580,223,1,0,0
2018-580,224,1,1,1
2018-580,225,1,0,1
2018-580,226,1,1,1
2018-580,227,1,1,0
2018-580,228,1,1,1
2018-580,229,1,0,1
2018-580,230,1,0,0
2018-580,231,1,1,0
2018-580,232,1,1,1
2018-580,301,1,1,0
2018-580,302,1,0,0
2018-580,303,1,1,1
2018-580,304,1,1,0
2018-580,305,1,1,1
2018-580,306,1,1,1
2018-580,307,1,0,0
2018-580,308,1,0,0
2018-580,309,1,1,1
2018-580,310,1,0,0
2018-580,311,1,1,1
2018-580,312,1,0,0
2018-580,313,1,1,0
2018-580,314,1,0,1
2018-580,315,1,0,0
2018-580,316,1,1,1
2018-580,401,1,1,0
2018-580,402,1,1,1
2018-580,403,1,0,1
2018-580,404,1,0,0
2018-580,405,1,0,0
2018-580,406,1,0,0
2018-580,407,1,0,0
2018-580,408,1,1,0
2018-580,501,1,1,1
2018-580,502,1,0,0
2018-580,503,1,0,0
2018-580,504,1,1,0
2018-580,601,1,0,0
2018-580,602,1,1,0
2018-580,701,1,1,0
2018-6116,271,1,0,1
2018-6116,272,1,1,1
2018-6116,273,1,1,1
2018-6116,275,1,1,1
2018-6116,276,1,0,1
2018-6116,277,1,1,1
2018-6116,278,1,1,1
2018-6116,279,1,0,1
2018-6116,280,1,0,1
2018-6116,282,1,1,1
2018-6116,283,1,1,1
2018-6116,284,1,1,1
2018-6116,286,1,1,0
2018-6116,287,1,0,1
2018-6116,288,1,1,1
2018-6116,289,1,1,0
2018-6116,290,1,0,0
2018-6116,291,1,1,0
2018-6116,292,1,1,1
2018-6116,293,1,1,1
2018-6116,294,1,0,0
2018-6116,295,1,1,1
2018-6116,296,1,1,0
2018-6116,297,1,0,1
2018-6116,298,1,0,0
2018-6116,299,1,0,0
2018-6116,300,1,0,0
2018-6242,239,1,0,1
2018-6242,240,1,1,1
2018-6242,243,1,1,1
2018-6242,244,1,0,1
2018-6242,247,1,1,1
2018-6242,248,1,0,1
2018-6242,251,1,0,1
2018-6242,252,1,0,1
2018-6242,255,1,1,1
2018-6242,256,1,0,1
2018-6242,259,1,0,1
2018-6242,260,1,0,1
2018-6242,263,1,1,1
2018-6242,264,1,1,1
2018-6242,267,1,1,1
2018-6242,268,1,0,1
2018-6242,270,1,1,0
2018-6242,271,1,1,1
2018-6242,272,1,0,1
2018-6242,273,1,1,0
2018-6242,274,1,1,1
2018-6242,275,1,0,0
2018-6242,276,1,0,0
2018-6242,277,1,1,0
2018-6242,278,1,1,1
2018-6242,279,1,0,0
2018-6242,280,1,1,0
2018-6242,281,1,0,0
2018-6242,282,1,0,1
2018-6242,283,1,1,1
2018-6242,284,1,1,1
2018-6242,285,1,0,0
2018-6242,286,1,1,1
2018-6242,287,1,1,0
2018-6242,288,1,1,0
2018-6242,289,1,1,0
2018-6242,290,1,0,0
2018-6242,291,1,0,0
2018-6242,292,1,0,0
2018-6242,293,1,0,0
2018-6242,294,1,1,1
2018-6242,295,1,0,1
2018-6242,296,1,0,0
2018-6242,297,1,0,0
2018-6242,298,1,0,0
2018-6242,299,1,0,0
2018-6242,300,1,0,0
2018-6932,270,1,1,1
2018-6932,271,1,0,1
2018-6932,272,1,1,1
2018-6932,273,1,1,1
2018-6932,274,1,1,1
2018-6932,275,1,1,1
2018-6932,276,1,1,1
2018-6932,277,1,1,1
2018-6932,278,1,1,1
2018-6932,279,1,0,1
2018-6932,280,1,0,1
2018-6932,281,1,1,1
2018-6932,282,1,1,1
2018-6932,283,1,1,1
2018-6932,284,1,1,1
2018-6932,285,1,1,1
2018-6932,286,1,1,0
2018-6932,287,1,1,1
2018-6932,288,1,0,1
2018-6932,289,1,1,1
2018-6932,290,1,1,0
2018-6932,291,1,0,0
2018-6932,292,1,1,1
2018-6932,293,1,0,1
2018-6932,294,1,0,1
2018-6932,295,1,0,0
2018-6932,296,1,0,0
2018-6932,297,1,1,0
2018-6932,298,1,0,0
2018-6932,299,1,1,0
2018-6932,300,1,1,0
2018-6967,271,1,0,1
2018-6967,272,1,0,1
2018-6967,273,1,0,1
2018-6967,275,1,0,1
2018-6967,276,1,0,1
2018-6967,277,1,1,1
2018-6967,278,1,1,1
2018-6967,279,1,0,1
2018-6967,280,1,1,1
2018-6967,282,1,1,1
2018-6967,283,1,1,1
2018-6967,284,1,1,1
2018-6967,286,1,0,0
2018-6967,287,1,0,0
2018-6967,288,1,1,0
2018-6967,289,1,1,0
2018-6967,290,1,0,0
2018-6967,291,1,0,1
2018-6967,292,1,0,1
2018-6967,293,1,0,1
2018-6967,294,1,0,0
2018-6967,295,1,0,1
2018-6967,296,1,0,0
2018-6967,297,1,0,0
2018-6967,298,1,0,0
2018-6967,299,1,0,0
2018-6967,300,1,0,0
2018-7161,271,1,0,1
2018-7161,272,1,1,1
2018-7161,273,1,1,1
2018-7161,275,1,0,1
2018-7161,276,1,0,1
2018-7161,277,1,0,1
2018-7161,278,1,1,1
2018-7161,279,1,1,1
2018-7161,280,1,1,1
2018-7161,282,1,1,1
2018-7161,283,1,1,1
2018-7161,284,1,0,1
2018-7161,286,1,1,0
2018-7161,287,1,0,1
2018-7161,288,1,1,0
2018-7161,289,1,0,0
2018-7161,290,1,0,1
2018-7161,291,1,0,1
2018-7161,292,1,0,1
2018-7161,293,1,0,0
2018-7161,294,1,1,0
2018-7161,295,1,0,0
2018-7161,296,1,0,0
2018-7161,297,1,0,0
2018-7161,298,1,1,0
2018-7161,299,1,0,0
2018-7161,300,1,0,0
2018-7163,271,1,1,1
2018-7163,272,1,1,1
2018-7163,273,1,1,1
2018-7163,275,1,0,1
2018-7163,276,1,1,1
2018-7163,277,1,1,1
2018-7163,278,1,1,1
2018-7163,279,1,0,1
2018-7163,280,1,0,1
2018-7163,282,1,1,1
2018-7163,283,1,1,1
2018-7163,284,1,1,1
2018-7163,286,1,0,1
2018-7163,287,1,1,1
2018-7163,288,1,0,0
2018-7163,289,1,0,1
2018-7163,290,1,1,0
2018-7163,291,1,0,0
2018-7163,292,1,1,1
2018-7163,293,1,0,1
2018-7163,294,1,1,0
2018-7163,295,1,0,0
2018-7163,296,1,0,0
2018-7163,297,1,0,0
2018-7163,298,1,0,0
2018-7163,299,1,0,0
2018-7163,300,1,0,0
2018-7290,271,1,0,1
2018-7290,272,1,1,1
2018-7290,273,1,0,1
2018-7290,275,1,1,1
2018-7290,276,1,0,1
2018-7290,277,1,1,1
2018-7290,278,1,1,1
2018-7290,279,1,0,1
2018-7290,280,1,0,1
2018-7290,282,1,0,1
2018-7290,283,1,1,1
2018-7290,284,1,1,1
2018-7290,286,1,1,0
2018-7290,287,1,0,0
2018-7290,288,1,1,1
2018-7290,289,1,0,0
2018-7290,290,1,1,0
2018-7290,291,1,1,0
2018-7290,292,1,0,0
2018-7290,293,1,0,1
2018-7290,294,1,1,0
2018-7290,295,1,0,0
2018-7290,296,1,0,1
2018-7290,297,1,0,0
2018-7290,298,1,0,0
2018-7290,299,1,0,0
2018-7290,300,1,0,0
2018-7434,271,1,1,1
2018-7434,272,1,0,1
2018-7434,273,1,1,1
2018-7434,275,1,1,1
2018-7434,276,1,0,1
2018-7434,277,1,0,1
2018-7434,278,1,1,1
2018-7434,279,1,1,1
2018-7434,280,1,0,1
2018-7434,282,1,1,1
2018-7434,283,1,1,1
2018-7434,284,1,1,1
2018-7434,286,1,0,1
2018-7434,287,1,0,0
2018-7434,288,1,1,1
2018-7434,289,1,0,0
2018-7434,290,1,0,1
2018-7434,291,1,0,0
2018-7434,292,1,1,1
2018-7434,293,1,1,1
2018-7434,294,1,0,0
2018-7434,295,1,0,0
2018-7434,296,1,0,0
2018-7434,297,1,1,1
2018-7434,298,1,0,0
2018-7434,299,1,0,0
2018-7434,300,1,0,0
2018-7480,271,1,0,1
2018-7480,272,1,1,1
2018-7480,273,1,1,1
2018-7480,275,1,0,1
2018-7480,276,1,1,1
2018-7480,277,1,1,1
2018-7480,278,1,1,1
2018-7480,279,1,1,1
2018-7480,280,1,1,1
2018-7480,282,1,1,1
2018-7480,283,1,0,1
2018-7480,284,1,1,1
2018-7480,286,1,1,0
2018-7480,287,1,0,1
2018-7480,288,1,0,0
2018-7480,289,1,0,1
2018-7480,290,1,0,1
2018-7480,291,1,1,1
2018-7480,292,1,0,0
2018-7480,293,1,1,1
2018-7480,294,1,1,0
2018-7480,295,1,0,0
2018-7480,296,1,1,0
2018-7480,297,1,1,0
2018-7480,298,1,1,0
2018-7480,299,1,1,1
2018-7480,300,1,0,1
2018-7485,271,1,1,1
2018-7485,272,1,0,1
2018-7485,273,1,1,1
2018-7485,275,1,1,1
2018-7485,276,1,1,1
2018-7485,277,1,1,1
2018-7485,278,1,0,1
2018-7485,279,1,1,1
2018-7485,280,1,1,1
2018-7485,282,1,0,1
2018-7485,283,1,0,1
2018-7485,284,1,1,1
2018-7485,286,1,1,1
2018-7485,287,1,1,0
2018-7485,288,1,0,1
2018-7485,289,1,1,1
2018-7485,290,1,0,0
2018-7485,291,1,1,1
2018-7485,292,1,0,0
2018-7485,293,1,1,1
2018-7485,294,1,1,1
2018-7485,295,1,0,0
2018-7485,296,1,1,0
2018-7485,297,1,1,0
2018-7485,298,1,0,0
2018-7485,299,1,1,1
2018-7485,300,1,0,0
2018-7581,271,1,1,1
2018-7581,272,1,1,1
2018-7581,273,1,0,1
2018-7581,275,1,0,1
2018-7581,276,1,1,1
2018-7581,277,1,1,1
2018-7581,278,1,1,1
2018-7581,279,1,1,1
2018-7581,280,1,1,1
2018-7581,282,1,1,1
2018-7581,283,1,1,1
2018-7581,284,1,0,1
2018-7581,286,1,0,1
2018-7581,287,1,0,0
2018-7581,288,1,0,0
2018-7581,289,1,1,1
2018-7581,290,1,1,1
2018-7581,291,1,1,1
2018-7581,292,1,1,1
2018-7581,293,1,1,0
2018-7581,294,1,0,0
2018-7581,295,1,0,0
2018-7581,296,1,0,1
2018-7581,297,1,1,1
2018-7581,298,1,0,0
2018-7581,299,1,1,0
2018-7581,300,1,0,0
2018-7648,271,1,1,1
2018-7648,272,1,0,1
2018-7648,273,1,1,1
2018-7648,275,1,0,1
2018-7648,276,1,1,1
2018-7648,277,1,1,1
2018-7648,278,1,1,1
2018-7648,279,1,1,1
2018-7648,280,1,1,1
2018-7648,282,1,0,1
2018-7648,283,1,1,1
2018-7648,284,1,0,1
2018-7648,286,1,0,1
2018-7648,287,1,1,0
2018-7648,288,1,0,0
2018-7648,289,1,1,1
2018-7648,290,1,1,1
2018-7648,291,1,0,1
2018-7648,292,1,0,0
2018-7648,293,1,0,0
2018-7648,294,1,0,0
2018-7648,295,1,0,0
2018-7648,296,1,0,0
2018-7648,297,1,0,0
2018-7648,298,1,0,0
2018-7648,299,1,0,0
2018-7648,300,1,0,0
2018-7650,271,1,1,1
2018-7650,272,1,1,1
2018-7650,273,1,1,1
2018-7650,275,1,1,1
2018-7650,276,1,1,1
2018-7650,277,1,0,1
2018-7650,278,1,1,1
2018-7650,279,1,1,1
2018-7650,280,1,1,1
2018-7650,282,1,1,1
2018-7650,283,1,1,1
2018-7650,284,1,0,1
2018-7650,286,1,1,1
2018-7650,287,1,0,1
2018-7650,288,1,0,1
2018-7650,289,1,1,0
2018-7650,290,1,0,1
2018-7650,291,1,1,1
2018-7650,292,1,0,1
2018-7650,293,1,1,0
2018-7650,294,1,1,0
2018-7650,295,1,0,0
2018-7650,296,1,1,0
2018-7650,297,1,1,0
2018-7650,298,1,1,0
2018-7650,299,1,0,1
2018-7650,300,1,0,0
2018-7694,271,1,0,1
2018-7694,272,1,0,1
2018-7694,273,1,0,1
2018-7694,275,1,1,1
2018-7694,276,1,1,1
2018-7694,277,1,1,1
2018-7694,278,1,0,1
2018-7694,279,1,1,1
2018-7694,280,1,1,1
2018-7694,282,1,1,1
2018-7694,283,1,0,1
2018-7694,284,1,1,1
2018-7694,286,1,1,0
2018-7694,287,1,0,0
2018-7694,288,1,0,1
2018-7694,289,1,0,1
2018-7694,290,1,0,0
2018-7694,291,1,0,1
2018-7694,292,1,1,0
2018-7694,293,1,1,1
2018-7694,294,1,0,0
2018-7694,295,1,0,0
2018-7694,296,1,0,0
2018-7694,297,1,1,1
2018-7694,298,1,0,0
2018-7694,299,1,1,0
2018-7694,300,1,1,0
2018-M001,271,1,0,1
2018-M001,272,1,1,1
2018-M001,273,1,0,1
2018-M001,275,1,1,1
2018-M001,276,1,0,1
2018-M001,277,1,0,1
2018-M001,278,1,1,1
2018-M001,279,1,1,1
2018-M001,280,1,1,1
2018-M001,282,1,0,1
2018-M001,283,1,0,1
2018-M001,284,1,0,1
2018-M001,286,1,1,0
2018-M001,287,1,1,0
2018-M001,288,1,1,1
2018-M001,289,1,0,0
2018-M001,290,1,1,1
2018-M001,291,1,1,1
2018-M001,292,1,0,0
2018-M001,293,1,0,0
2018-M001,294,1,1,1
2018-M001,295,1,0,0
2018-M001,296,1,1,1
2018-M001,297,1,0,0
2018-M001,298,1,0,0
2018-M001,299,1,0,0
2018-M001,300,1,0,0
2018-M004,270,1,1,1
2018-M004,271,1,1,1
2018-M004,272,1,0,1
2018-M004,273,1,0,1
2018-M004,274,1,1,1
2018-M004,275,1,0,1
2018-M004,276,1,0,1
2018-M004,277,1,1,1
2018-M004,278,1,1,1
2018-M004,279,1,1,1
2018-M004,280,1,1,1
2018-M004,281,1,0,1
2018-M004,282,1,0,1
2018-M004,283,1,1,1
2018-M004,284,1,1,1
2018-M004,285,1,0,1
2018-M004,286,1,1,1
2018-M004,287,1,0,0
2018-M004,288,1,1,0
2018-M004,289,1,1,0
2018-M004,290,1,1,1
2018-M004,291,1,1,0
2018-M004,292,1,0,0
2018-M004,293,1,0,0
2018-M004,294,1,1,0
2018-M004,295,1,1,1
2018-M004,296,1,0,1
2018-M004,297,1,0,0
2018-M004,298,1,1,1
2018-M004,299,1,0,0
2018-M004,300,1,0,0
2018-M006,175,1,1,1
2018-M006,176,1,1,1
2018-M006,179,1,0,1
2018-M006,180,1,1,1
2018-M006,183,1,0,1
2018-M006,184,1,1,1
2018-M006,187,1,1,1
2018-M006,188,1,0,1
2018-M006,191,1,1,1
2018-M006,192,1,0,1
2018-M006,195,1,0,1
2018-M006,196,1,1,1
2018-M006,199,1,1,1
2018-M006,200,1,0,1
2018-M006,203,1,0,1
2018-M006,204,1,1,1
2018-M006,207,1,0,1
2018-M006,208,1,0,1
2018-M006,211,1,0,1
2018-M006,212,1,0,1
2018-M006,215,1,1,1
2018-M006,216,1,1,1
2018-M006,219,1,1,1
2018-M006,220,1,1,1
2018-M006,223,1,1,1
2018-M006,224,1,1,1
2018-M006,227,1,1,1
2018-M006,228,1,1,1
2018-M006,231,1,0,1
2018-M006,232,1,0,1
2018-M006,235,1,0,1
2018-M006,236,1,0,1
2018-M006,238,1,1,1
2018-M006,239,1,1,1
2018-M006,240,1,0,0
2018-M006,241,1,1,1
2018-M006,242,1,0,0
2018-M006,243,1,1,1
2018-M006,244,1,1,1
2018-M006,245,1,1,0
2018-M006,246,1,0,1
2018-M006,247,1,1,0
2018-M006,248,1,0,0
2018-M006,249,1,0,1
2018-M006,250,1,0,1
2018-M006,251,1,1,0
2018-M006,252,1,0,0
2018-M006,253,1,1,1
2018-M006,254,1,1,0
2018-M006,255,1,0,0
2018-M006,256,1,0,0
2018-M006,257,1,1,0
2018-M006,258,1,1,1
2018-M006,259,1,0,1
2018-M006,260,1,0,1
2018-M006,261,1,0,1
2018-M006,262,1,1,1
2018-M006,263,1,0,1
2018-M006,264,1,1,1
2018-M006,265,1,1,1
2018-M006,266,1,0,0
2018-M006,267,1,1,0
2018-M006,268,1,1,0
2018-M006,269,1,1,0
2018-M006,270,1,0,1
2018-M006,271,1,0,0
2018-M006,272,1,1,0
2018-M006,273,1,1,1
2018-M006,274,1,0,0
2018-M006,275,1,0,0
2018-M006,276,1,0,0
2018-M006,277,1,0,0
2018-M006,278,1,1,0
2018-M006,279,1,0,0
2018-M006,280,1,0,0
2018-M006,281,1,0,0
2018-M006,282,1,0,0
2018-M006,283,1,0,1
2018-M006,284,1,0,0
2018-M006,285,1,1,1
2018-M006,286,1,0,0
2018-M006,287,1,1,1
2018-M006,288,1,0,0
2018-M006,289,1,0,0
2018-M006,290,1,1,0
2018-M006,291,1,0,0
2018-M006,292,1,0,0
2018-M006,293,1,1,0
2018-M006,294,1,1,0
2018-M006,295,1,0,0
2018-M006,296,1,0,0
2018-M006,297,1,1,0
2018-M006,298,1,1,0
2018-M006,299,1,1,0
2018-M006,300,1,0,1
2018-M007,175,1,0,1
2018-M007,176,1,0,1
2018-M007,179,1,0,1
2018-M007,180,1,1,1
2018-M007,183,1,1,1
2018-M007,184,1,0,1
2018-M007,187,1,1,1
2018-M007,188,1,0,1
2018-M007,191,1,0,1
2018-M007,192,1,1,1
2018-M007,195,1,0,1
2018-M007,196,1,0,1
2018-M007,199,1,1,1
2018-M007,200,1,0,1
2018-M007,203,1,1,1
2018-M007,204,1,0,1
2018-M007,207,1,1,1
2018-M007,208,1,1,1
2018-M007,211,1,1,1
2018-M007,212,1,0,1
2018-M007,215,1,0,1
2018-M007,216,1,1,1
2018-M007,219,1,0,1
2018-M007,220,1,1,1
2018-M007,223,1,0,1
2018-M007,224,1,0,1
2018-M007,227,1,1,1
2018-M007,228,1,0,1
2018-M007,231,1,1,1
2018-M007,232,1,1,1
2018-M007,235,1,0,1
2018-M007,236,1,1,1
2018-M007,238,1,1,0
2018-M007,239,1,0,0
2018-M007,240,1,0,0
2018-M007,241,1,1,1
2018-M007,242,1,0,1
2018-M007,243,1,1,0
2018-M007,244,1,0,1
2018-M007,245,1,0,0
2018-M007,246,1,1,0
2018-M007,247,1,0,1
2018-M007,248,1,1,0
2018-M007,249,1,1,0
2018-M007,250,1,0,1
2018-M007,251,1,1,0
2018-M007,252,1,0,1
2018-M007,253,1,1,0
2018-M007,254,1,1,1
2018-M007,255,1,1,1
2018-M007,256,1,0,1
2018-M007,257,1,1,0
2018-M007,258,1,1,0
2018-M007,259,1,1,1
2018-M007,260,1,1,0
2018-M007,261,1,1,1
2018-M007,262,1,1,0
2018-M007,263,1,1,0
2018-M007,264,1,1,1
2018-M007,265,1,1,0
2018-M007,266,1,1,1
2018-M007,267,1,1,1
2018-M007,268,1,1,0
2018-M007,269,1,0,1
2018-M007,270,1,1,0
2018-M007,271,1,1,0
2018-M007,272,1,1,0
2018-M007,273,1,0,0
2018-M007,274,1,0,0
2018-M007,275,1,1,1
2018-M007,276,1,1,0
2018-M007,277,1,1,0
2018-M007,278,1,0,1
2018-M007,279,1,0,0
2018-M007,280,1,0,1
2018-M007,281,1,1,1
2018-M007,282,1,1,1
2018-M007,283,1,0,1
2018-M007,284,1,1,1
2018-M007,285,1,0,0
2018-M007,286,1,0,1
2018-M007,287,1,0,0
2018-M007,288,1,0,0
2018-M007,289,1,1,1
2018-M007,290,1,0,0
2018-M007,291,1,1,0
2018-M007,292,1,1,0
2018-M007,293,1,0,0
2018-M007,294,1,0,0
2018-M007,295,1,1,0
2018-M007,296,1,1,0
2018-M007,297,1,0,0
2018-M007,298,1,0,0
2018-M007,299,1,0,0
2018-M007,300,1,0,0
2018-M009,239,1,0,1
2018-M009,240,1,1,1
2018-M009,241,1,1,1
2018-M009,242,1,1,1
2018-M009,243,1,0,1
2018-M009,244,1,0,1
2018-M009,247,1,1,1
2018-M009,248,1,1,1
2018-M009,249,1,1,1
2018-M009,250,1,1,1
2018-M009,251,1,0,1
2018-M009,252,1,1,1
2018-M009,255,1,1,1
2018-M009,256,1,1,1
2018-M009,257,1,1,1
2018-M009,258,1,0,1
2018-M009,259,1,1,1
2018-M009,260,1,1,1
2018-M009,263,1,1,1
2018-M009,264,1,1,1
2018-M009,265,1,0,1
2018-M009,266,1,1,1
2018-M009,267,1,1,1
2018-M009,268,1,1,1
2018-M009,270,1,1,0
2018-M009,271,1,1,1
2018-M009,272,1,1,0
2018-M009,273,1,1,0
2018-M009,274,1,1,1
2018-M009,275,1,0,1
2018-M009,276,1,1,0
2018-M009,277,1,1,1
2018-M009,278,1,1,1
2018-M009,279,1,1,1
2018-M009,280,1,1,0
2018-M009,281,1,0,1
2018-M009,282,1,0,1
2018-M009,283,1,0,0
2018-M009,284,1,1,1
2018-M009,285,1,1,1
2018-M009,286,1,1,1
2018-M009,287,1,1,1
2018-M009,288,1,1,0
2018-M009,289,1,1,1
2018-M009,290,1,1,1
2018-M009,291,1,0,0
2018-M009,292,1,0,0
2018-M009,293,1,1,1
2018-M009,294,1,1,1
2018-M009,295,1,0,1
2018-M009,296,1,0,0
2018-M009,297,1,1,0
2018-M009,298,1,1,0
2018-M009,299,1,1,0
2018-M009,300,1,1,1
2018-M010,271,1,0,1
2018-M010,272,1,0,1
2018-M010,273,1,1,1
2018-M010,275,1,1,1
2018-M010,276,1,1,1
2018-M010,277,1,0,1
2018-M010,278,1,1,1
2018-M010,279,1,0,1
2018-M010,280,1,1,1
2018-M010,282,1,0,1
2018-M010,283,1,1,1
2018-M010,284,1,0,1
2018-M010,286,1,1,0
2018-M010,287,1,1,0
2018-M010,288,1,0,1
2018-M010,289,1,0,0
2018-M010,290,1,0,0
2018-M010,291,1,0,1
2018-M010,292,1,0,0
2018-M010,293,1,0,0
2018-M010,294,1,1,1
2018-M010,295,1,0,0
2018-M010,296,1,0,0
2018-M010,297,1,0,0
2018-M010,298,1,1,0
2018-M010,299,1,0,0
2018-M010,300,1,1,0
2018-M014,271,1,1,1
2018-M014,272,1,1,1
2018-M014,273,1,1,1
2018-M014,275,1,0,1
2018-M014,276,1,0,1
2018-M014,277,1,1,1
2018-M014,278,1,0,1
2018-M014,279,1,1,1
2018-M014,280,1,0,1
2018-M014,282,1,0,1
2018-M014,283,1,1,1
2018-M014,284,1,1,1
2018-M014,286,1,1,1
2018-M014,287,1,1,1
2018-M014,288,1,1,0
2018-M014,289,1,0,0
2018-M014,290,1,0,0
2018-M014,291,1,1,0
2018-M014,292,1,0,0
2018-M014,293,1,1,1
2018-M014,294,1,1,1
2018-M014,295,1,1,0
2018-M014,296,1,0,0
2018-M014,297,1,0,0
2018-M014,298,1,0,1
2018-M014,299,1,0,0
2018-M014,300,1,0,0
2018-M015,270,1,1,1
2018-M015,271,1,1,1
2018-M015,272,1,0,1
2018-M015,273,1,0,1
2018-M015,274,1,1,1
2018-M015,275,1,1,1
2018-M015,276,1,1,1
2018-M015,277,1,1,1
2018-M015,278,1,0,1
2018-M015,279,1,1,1
2018-M015,280,1,1,1
2018-M015,281,1,1,1
2018-M015,282,1,0,1
2018-M015,283,1,1,1
2018-M015,284,1,1,1
2018-M015,285,1,1,1
2018-M015,286,1,0,1
2018-M015,287,1,0,0
2018-M015,288,1,0,1
2018-M015,289,1,1,1
2018-M015,290,1,1,0
2018-M015,291,1,1,1
2018-M015,292,1,0,0
2018-M015,293,1,1,1
2018-M015,294,1,0,0
2018-M015,295,1,1,0
2018-M015,296,1,1,1
2018-M015,297,1,1,0
2018-M015,298,1,0,0
2018-M015,299,1,1,1
2018-M015,300,1,0,0
2018-M016,271,1,1,1
2018-M016,272,1,0,1
2018-M016,273,1,1,1
2018-M016,275,1,0,1
2018-M016,276,1,1,1
2018-M016,277,1,0,1
2018-M016,278,1,0,1
2018-M016,279,1,0,1
2018-M016,280,1,0,1
2018-M016,282,1,1,1
2018-M016,283,1,0,1
2018-M016,284,1,1,1
2018-M016,286,1,0,1
2018-M016,287,1,0,0
2018-M016,288,1,1,0
2018-M016,289,1,0,0
2018-M016,290,1,0,0
2018-M016,291,1,0,0
2018-M016,292,1,0,0
2018-M016,293,1,0,1
2018-M016,294,1,0,0
2018-M016,295,1,0,0
2018-M016,296,1,0,0
2018-M016,297,1,0,0
2018-M016,298,1,0,0
2018-M016,299,1,0,0
2018-M016,300,1,0,0
2018-M020,271,1,1,1
2018-M020,272,1,1,1
2018-M020,273,1,0,1
2018-M020,275,1,0,1
2018-M020,276,1,0,1
2018-M020,277,1,1,1
2018-M020,278,1,0,1
2018-M020,279,1,1,1
2018-M020,280,1,0,1
2018-M020,282,1,1,1
2018-M020,283,1,0,1
2018-M020,284,1,0,1
2018-M020,286,1,0,1
2018-M020,287,1,0,0
2018-M020,288,1,0,0
2018-M020,289,1,0,0
2018-M020,290,1,0,0
2018-M020,291,1,1,0
2018-M020,292,1,0,0
2018-M020,293,1,1,0
2018-M020,294,1,0,0
2018-M020,295,1,0,0
2018-M020,296,1,1,0
2018-M020,297,1,1,0
2018-M020,298,1,0,0
2018-M020,299,1,1,1
2018-M020,300,1,1,0
2018-M021,239,1,0,1
2018-M021,240,1,1,1
2018-M021,241,1,0,1
2018-M021,242,1,1,1
2018-M021,243,1,1,1
2018-M021,244,1,0,1
2018-M021,247,1,1,1
2018-M021,248,1,0,1
2018-M021,249,1,0,1
2018-M021,250,1,1,1
2018-M021,251,1,1,1
2018-M021,252,1,0,1
2018-M021,255,1,0,1
2018-M021,256,1,1,1
2018-M021,257,1,1,1
2018-M021,258,1,0,1
2018-M021,259,1,0,1
2018-M021,260,1,1,1
2018-M021,263,1,1,1
2018-M021,264,1,1,1
2018-M021,265,1,0,1
2018-M021,266,1,1,1
2018-M021,267,1,1,1
2018-M021,268,1,1,1
2018-M021,270,1,1,0
2018-M021,271,1,0,0
2018-M021,272,1,0,1
2018-M021,273,1,0,0
2018-M021,274,1,0,1
2018-M021,275,1,0,0
2018-M021,276,1,1,1
2018-M021,277,1,1,0
2018-M021,278,1,1,0
2018-M021,279,1,0,1
2018-M021,280,1,0,0
2018-M021,281,1,1,1
2018-M021,282,1,1,1
2018-M021,283,1,0,0
2018-M021,284,1,1,1
2018-M021,285,1,1,1
2018-M021,286,1,1,0
2018-M021,287,1,0,0
2018-M021,288,1,0,0
2018-M021,289,1,0,1
2018-M021,290,1,0,0
2018-M021,291,1,0,0
2018-M021,292,1,1,0
2018-M021,293,1,1,1
2018-M021,294,1,1,0
2018-M021,295,1,0,0
2018-M021,296,1,0,0
2018-M021,297,1,0,1
2018-M021,298,1,1,0
2018-M021,299,1,0,0
2018-M021,300,1,0,0
2018-M024,239,1,0,1
2018-M024,240,1,1,1
2018-M024,241,1,0,1
2018-M024,242,1,1,1
2018-M024,243,1,1,1
2018-M024,244,1,1,1
2018-M024,247,1,1,1
2018-M024,248,1,1,1
2018-M024,249,1,1,1
2018-M024,250,1,1,1
2018-M024,251,1,1,1
2018-M024,252,1,0,1
2018-M024,255,1,0,1
2018-M024,256,1,1,1
2018-M024,257,1,0,1
2018-M024,258,1,1,1
2018-M024,259,1,1,1
2018-M024,260,1,1,1
2018-M024,263,1,0,1
2018-M024,264,1,1,1
2018-M024,265,1,1,1
2018-M024,266,1,1,1
2018-M024,267,1,0,1
2018-M024,268,1,1,1
2018-M024,270,1,1,0
2018-M024,271,1,0,0
2018-M024,272,1,0,1
2018-M024,273,1,0,1
2018-M024,274,1,1,1
2018-M024,275,1,1,1
2018-M024,276,1,1,1
2018-M024,277,1,1,0
2018-M024,278,1,1,0
2018-M024,279,1,0,0
2018-M024,280,1,1,1
2018-M024,281,1,0,1
2018-M024,282,1,1,0
2018-M024,283,1,1,1
2018-M024,284,1,0,0
2018-M024,285,1,0,1
2018-M024,286,1,1,0
2018-M024,287,1,0,0
2018-M024,288,1,1,1
2018-M024,289,1,0,1
2018-M024,290,1,1,0
2018-M024,291,1,0,0
2018-M024,292,1,1,1
2018-M024,293,1,0,0
2018-M024,294,1,1,0
2018-M024,295,1,0,0
2018-M024,296,1,0,0
2018-M024,297,1,1,0
2018-M024,298,1,1,0
2018-M024,299,1,1,0
2018-M024,300,1,0,1
2018-M035,239,1,1,1
2018-M035,240,1,0,1
2018-M035,243,1,1,1
2018-M035,244,1,0,1
2018-M035,247,1,1,1
2018-M035,248,1,1,1
2018-M035,251,1,1,1
2018-M035,252,1,1,1
2018-M035,255,1,1,1
2018-M035,256,1,1,1
2018-M035,259,1,1,1
2018-M035,260,1,1,1
2018-M035,263,1,0,1
2018-M035,264,1,1,1
2018-M035,267,1,1,1
2018-M035,268,1,1,1
2018-M035,270,1,0,1
2018-M035,271,1,1,0
2018-M035,272,1,0,1
2018-M035,273,1,1,0
2018-M035,274,1,0,1
2018-M035,275,1,0,1
2018-M035,276,1,0,1
2018-M035,277,1,1,1
2018-M035,278,1,0,1
2018-M035,279,1,0,1
2018-M035,280,1,1,1
2018-M035,281,1,1,1
2018-M035,282,1,1,0
2018-M035,283,1,1,1
2018-M035,284,1,1,1
2018-M035,285,1,1,1
2018-M035,286,1,0,0
2018-M035,287,1,0,0
2018-M035,288,1,0,0
2018-M035,289,1,0,0
2018-M035,290,1,0,0
2018-M035,291,1,1,1
2018-M035,292,1,1,1
2018-M035,293,1,1,1
2018-M035,294,1,0,0
2018-M035,295,1,0,0
2018-M035,296,1,0,0
2018-M035,297,1,1,1
2018-M035,298,1,0,0
2018-M035,299,1,1,0
2018-M035,300,1,1,0
